{
  "AWSTemplateFormatVersion": "2010-09-09",
  "Description": "The AWS CloudFormation template for this Serverless application",
  "Resources": {
    "ServerlessDeploymentBucket": {
      "Type": "AWS::S3::Bucket",
      "Properties": {
        "BucketEncryption": {
          "ServerSideEncryptionConfiguration": [
            {
              "ServerSideEncryptionByDefault": {
                "SSEAlgorithm": "AES256"
              }
            }
          ]
        }
      }
    },
    "OptimizeLogGroup": {
      "Type": "AWS::Logs::LogGroup",
      "Properties": {
        "LogGroupName": "/aws/lambda/nodelss-dev-optimize"
      }
    },
    "IamRoleLambdaExecution": {
      "Type": "AWS::IAM::Role",
      "Properties": {
        "AssumeRolePolicyDocument": {
          "Version": "2012-10-17",
          "Statement": [
            {
              "Effect": "Allow",
              "Principal": {
                "Service": [
                  "lambda.amazonaws.com"
                ]
              },
              "Action": [
                "sts:AssumeRole"
              ]
            }
          ]
        },
        "Policies": [
          {
            "PolicyName": {
              "Fn::Join": [
                "-",
                [
                  "dev",
                  "nodelss",
                  "lambda"
                ]
              ]
            },
            "PolicyDocument": {
              "Version": "2012-10-17",
              "Statement": [
                {
                  "Effect": "Allow",
                  "Action": [
                    "logs:CreateLogStream"
                  ],
                  "Resource": [
                    {
                      "Fn::Sub": "arn:${AWS::Partition}:logs:${AWS::Region}:${AWS::AccountId}:log-group:/aws/lambda/nodelss-dev-optimize:*"
                    }
                  ]
                },
                {
                  "Effect": "Allow",
                  "Action": [
                    "logs:PutLogEvents"
                  ],
                  "Resource": [
                    {
                      "Fn::Sub": "arn:${AWS::Partition}:logs:${AWS::Region}:${AWS::AccountId}:log-group:/aws/lambda/nodelss-dev-optimize:*:*"
                    }
                  ]
                },
                {
                  "Effect": "Allow",
                  "Action": [
                    "s3:GetObject",
                    "s3:PutObject"
                  ],
                  "Resource": [
                    "arn:aws:s3:::"
                  ]
                }
              ]
            }
          }
        ],
        "Path": "/",
        "RoleName": {
          "Fn::Join": [
            "-",
            [
              "nodelss",
              "dev",
              "ap-south-1",
              "lambdaRole"
            ]
          ]
        }
      }
    },
    "OptimizeLambdaFunction": {
      "Type": "AWS::Lambda::Function",
      "Properties": {
        "Code": {
          "S3Bucket": {
            "Ref": "ServerlessDeploymentBucket"
          },
          "S3Key": "serverless/nodelss/dev/1552061505164-2019-03-08T16:11:45.164Z/nodelss.zip"
        },
        "FunctionName": "nodelss-dev-optimize",
        "Handler": "optimize.handle",
        "MemorySize": 1024,
        "Role": {
          "Fn::GetAtt": [
            "IamRoleLambdaExecution",
            "Arn"
          ]
        },
        "Runtime": "nodejs8.10",
        "Timeout": 6,
        "Environment": {
          "Variables": {
            "bucket": "aknodeserverless"
          }
        }
      },
      "DependsOn": [
        "OptimizeLogGroup",
        "IamRoleLambdaExecution"
      ]
    },
    "OptimizeLambdaVersionqO9KuNfHRPxOxvYBJVkJEXu5moZ7vMW1KaBAwRDts": {
      "Type": "AWS::Lambda::Version",
      "DeletionPolicy": "Retain",
      "Properties": {
        "FunctionName": {
          "Ref": "OptimizeLambdaFunction"
        },
        "CodeSha256": "M0XL91EZkGpBe4U9Z80/wO8SB7vj+abANeNjCztfUhw="
      }
    },
    "S3BucketAknodeserverless": {
      "Type": "AWS::S3::Bucket",
      "Properties": {
        "BucketName": "aknodeserverless",
        "NotificationConfiguration": {
          "LambdaConfigurations": [
            {
              "Event": "s3:ObjectCreated:*",
              "Function": {
                "Fn::GetAtt": [
                  "OptimizeLambdaFunction",
                  "Arn"
                ]
              },
              "Filter": {
                "S3Key": {
                  "Rules": [
                    {
                      "Name": "prefix",
                      "Value": "uploads/"
                    },
                    {
                      "Name": "suffix",
                      "Value": ".jpg"
                    }
                  ]
                }
              }
            },
            {
              "Event": "s3:ObjectCreated:*",
              "Function": {
                "Fn::GetAtt": [
                  "OptimizeLambdaFunction",
                  "Arn"
                ]
              },
              "Filter": {
                "S3Key": {
                  "Rules": [
                    {
                      "Name": "prefix",
                      "Value": "uploads/"
                    },
                    {
                      "Name": "suffis",
                      "Value": ".png"
                    }
                  ]
                }
              }
            }
          ]
        }
      },
      "DependsOn": [
        "OptimizeLambdaPermissionAknodeserverlessS3",
        "OptimizeLambdaPermissionAknodeserverlessS3"
      ]
    },
    "OptimizeLambdaPermissionAknodeserverlessS3": {
      "Type": "AWS::Lambda::Permission",
      "Properties": {
        "FunctionName": {
          "Fn::GetAtt": [
            "OptimizeLambdaFunction",
            "Arn"
          ]
        },
        "Action": "lambda:InvokeFunction",
        "Principal": {
          "Fn::Join": [
            "",
            [
              "s3.",
              {
                "Ref": "AWS::URLSuffix"
              }
            ]
          ]
        },
        "SourceArn": {
          "Fn::Join": [
            "",
            [
              "arn:",
              {
                "Ref": "AWS::Partition"
              },
              ":s3:::aknodeserverless"
            ]
          ]
        }
      }
    }
  },
  "Outputs": {
    "ServerlessDeploymentBucketName": {
      "Value": {
        "Ref": "ServerlessDeploymentBucket"
      }
    },
    "OptimizeLambdaFunctionQualifiedArn": {
      "Description": "Current Lambda function version",
      "Value": {
        "Ref": "OptimizeLambdaVersionqO9KuNfHRPxOxvYBJVkJEXu5moZ7vMW1KaBAwRDts"
      }
    }
  }
}